{
  "waveform": {
    "type": "zscore",
    "mean": [
      0.3434285819530487
    ],
    "std": [
      0.29210495948791504
    ]
  },
  "demographics": {
    "type": "zscore",
    "mean": [
      58.9407844543457,
      162.57603454589844,
      60.96955490112305,
      22.946557998657227,
      73.74971008300781,
      0.0,
      0.0,
      0.0,
      0.0,
      0.0
    ],
    "std": [
      14.917165756225586,
      9.659683227539062,
      11.808727264404297,
      3.4634063243865967,
      3.4698195457458496,
      1.0,
      1.0,
      1.0,
      1.0,
      1.0
    ]
  }
}