subset_name,n_segments,sbp_mean,sbp_std,sbp_q05,sbp_q50,sbp_q95,dbp_mean,dbp_std,dbp_q05,dbp_q50,dbp_q95
Train,465480,115.47669219970703,18.9338436126709,87.35700225830078,113.99252319335938,148.56321716308594,62.91571807861328,12.084074974060059,44.6330680847168,62.174957275390625,83.79800415039062
CalBased_Test,51720,115.49944305419922,18.84654998779297,87.16552734375,114.09521484375,148.3708038330078,62.93657302856445,12.070236206054688,44.698455810546875,62.21661376953125,83.7079086303711
CalFree_Test,57600,115.42987823486328,18.723678588867188,87.5340576171875,113.89726257324219,148.39175415039062,63.024349212646484,11.874260902404785,44.67471694946289,62.66512680053711,83.50074005126953
AAMI_Test,666,134.6729736328125,30.873220443725586,91.39790344238281,135.1112060546875,192.01119995117188,75.39458465576172,18.208946228027344,47.75153732299805,73.56605529785156,104.66842651367188
AAMI_Cal,70212,116.63735961914062,18.826011657714844,87.99974060058594,115.53089904785156,149.2245635986328,63.83109664916992,11.846723556518555,45.60179901123047,62.929603576660156,84.1943130493164
